director_name,movie_count,total_revenue_b,avg_revenue_m,avg_budget_m,avg_profit_m,avg_rating,avg_popularity,top_movie,revenue_rank,rating_rank
James Cameron,9,10.23,1136.5,158,978.5,7.62,34.8,Terminator 2: Judgment Day,1,9
Steven Spielberg,30,9.76,325.2,63,262.2,7.06,9.5,Schindler's List,2,53
Joe Russo,9,6.72,746.9,181.8,565.1,5.8,15.8,Avengers: Infinity War,3,204
Anthony Russo,9,6.72,746.9,181.8,565.1,5.8,15.8,Avengers: Endgame,4,203
Peter Jackson,9,6.51,723.1,143.4,579.7,7.66,16.4,The Lord of the Rings: The Return of the King,5,7
Christopher Nolan,13,6.15,473.3,131.5,341.8,7.23,19.1,The Dark Knight,6,31
David Yates,7,5.74,820.2,190.7,629.5,7.29,13.2,Harry Potter and the Deathly Hallows: Part 2,7,28
Tim Burton,18,4.88,271.4,83.8,187.6,6.96,8.8,Big Fish,8,75
J.J. Abrams,6,4.66,775.9,212.5,563.4,6.97,10.4,Star Trek,9,72
Jon Favreau,9,4.36,484.1,134.7,349.3,6.03,11.3,Iron Man,10,194
Ridley Scott,20,4.34,216.9,97.3,119.6,6.94,10.3,Gladiator,11,81
Sam Raimi,11,4.21,382.5,109.7,272.8,6.94,14.8,Evil Dead II,12,83
James Wan,10,4.18,417.5,67.6,349.9,6.97,10.5,The Conjuring,13,70
Roland Emmerich,12,4.13,344.2,115.3,228.9,6.35,7.4,The Patriot,14,171
Byron Howard,6,3.99,665.3,143.3,522,6.18,50.5,Zootopia,15,181
Jon Watts,5,3.94,788,123,665,6.99,19,Spider-Man: No Way Home,16,68
Michael Bay,12,3.83,319.5,110.2,209.4,6.63,7.8,13 Hours: The Secret Soldiers of Benghazi,17,133
Shawn Levy,10,3.82,382.1,108.3,273.8,6.63,10.8,Deadpool & Wolverine,18,135
Robert Zemeckis,16,3.74,233.6,56.9,176.6,7.14,9,Forrest Gump,19,43
Pierre Coffin,5,3.71,741.7,59.8,681.9,5.42,11.9,Despicable Me,20,220
Francis Lawrence,9,3.64,404.7,98.8,305.9,7.02,10.3,The Hunger Games: Catching Fire,21,61
Chris Buck,5,3.58,716,138,578,6.91,13.2,Tarzan,22,89
Gore Verbinski,8,3.47,433.1,134.8,298.4,7.19,11.3,"Good Luck, Have Fun, Don't Die",23,37
Brad Bird,6,3.43,570.9,137.8,433.1,7.39,12.4,The Iron Giant,24,16
Chris Columbus,9,3.37,374.7,66.8,307.9,6.96,12.9,Harry Potter and the Philosopher's Stone,25,76
James Gunn,9,3.31,368.2,117.1,251.2,7,14.9,Guardians of the Galaxy Vol. 3,26,67
Chris Renaud,5,3.26,652.5,79,573.5,6.93,13.3,Despicable Me,27,85
George Lucas,5,3.2,639.8,71.8,568,7.08,11,Star Wars,28,49
Kyle Balda,9,3.13,348.3,26.6,321.7,5.44,6.9,Minions: The Rise of Gru,29,219
Ron Howard,12,3.1,258.3,90.8,167.5,6.95,8.2,A Beautiful Mind,30,79
Sam Mendes,6,3.07,511.6,118.7,393,7.3,8.8,American Beauty,31,26
Bryan Singer,7,3.01,430.5,139.9,290.6,6.97,9.4,The Usual Suspects,32,71
Joseph Kosinski,5,2.84,568.4,149.6,418.8,7.32,17.3,Top Gun: Maverick,33,25
Ryan Coogler,5,2.77,553.7,115.6,438.1,7.33,17.7,Sinners,34,24
M. Night Shyamalan,11,2.73,248.4,48.7,199.7,5.9,7.6,The Sixth Sense,35,199
Mike Mitchell,8,2.69,336.8,83.8,253.1,6.34,7.9,Kung Fu Panda 4,36,173
Rob Marshall,6,2.65,441.2,164.3,276.8,6.65,9.1,Memoirs of a Geisha,37,127
Guy Ritchie,13,2.6,200.1,76.4,123.7,7.12,9.1,Snatch,38,47
Andrew Adamson,5,2.59,517.8,123,394.8,7.01,14.8,Shrek,39,63
Zack Snyder,10,2.57,256.7,110.4,146.3,6.7,10,Zack Snyder's Justice League,40,119
Conrad Vernon,7,2.53,361.3,75.6,285.7,5.63,8.9,Shrek 2,41,211
Todd Phillips,7,2.5,357.6,74.6,283,6.72,10.9,Joker,42,117
Eric Darnell,5,2.44,487.6,112.4,375.2,6.56,10.7,Madagascar,43,143
Jon M. Chu,6,2.38,396.6,100.5,296.1,6.65,12.7,Crazy Rich Asians,44,128
Tom McGrath,5,2.36,472.3,116.4,355.9,6.88,11.4,The Boss Baby: Family Business,45,92
Jake Kasdan,5,2.24,448.4,100.6,347.8,6.47,9.2,Red One,46,158
Barry Sonnenfeld,7,2.24,319.8,107.4,212.4,6.48,7.4,Men in Black,47,156
Martin Scorsese,17,2.18,128.5,71.6,56.8,7.59,10.5,GoodFellas,48,10
David Fincher,13,2.14,164.9,65.4,99.5,6.82,11.6,Fight Club,49,102
Clint Eastwood,12,2.14,178.6,35.7,142.9,7.5,6.5,Gran Torino,50,11
David Leitch,5,2.07,413.3,111,302.3,7.03,14,Deadpool 2,51,60
Steven Soderbergh,17,2.06,121.4,33.4,88,6.4,6.1,Ocean's Eleven,52,165
James Mangold,9,2,221.9,89.9,132,7.2,8.9,Ford v Ferrari,53,34
Louis Leterrier,8,1.98,246.9,97.3,149.7,5.69,11.1,Now You See Me,54,208
Quentin Tarantino,11,1.96,177.8,42.7,135.1,7.84,13.6,Pulp Fiction,55,4
F. Gary Gray,7,1.94,277.2,71.6,205.6,6.86,7.7,Straight Outta Compton,56,98
Jon Turteltaub,8,1.88,235.1,86.9,148.2,6.42,7,Cool Runnings,57,162
Ruben Fleischer,6,1.83,305.6,75.3,230.3,6.8,17.6,Zombieland,58,105
Martin Campbell,11,1.81,164.9,69.2,95.7,6.49,7.9,Casino Royale,59,154
Denis Villeneuve,10,1.81,180.5,63.5,117.1,6.78,15.7,Dune: Part Two,60,109
Chris Sanders,5,1.8,359.7,113.4,246.3,7.63,12.7,The Wild Robot,61,8
Marc Webb,5,1.77,354.7,139.9,214.8,6.58,13.1,Gifted,62,139
Kenneth Branagh,8,1.74,217.5,79.4,138.1,6.53,9.6,Listening,63,147
Taika Waititi,5,1.72,344.5,89.3,255.2,7.37,10.5,Jojo Rabbit,64,20
Ang Lee,8,1.63,203.9,61.1,142.8,6.91,7.7,Brokeback Mountain,65,88
Tony Scott,10,1.62,162.2,61.8,100.4,6.87,5.5,True Romance,66,94
Rob Letterman,5,1.59,318.8,114,204.8,6.14,7.4,Pokémon Detective Pikachu,67,184
Dennis Dugan,8,1.55,193.8,67.5,126.3,6.08,7.4,Just Go with It,68,190
Antoine Fuqua,16,1.55,96.9,55.3,41.6,6.39,8.5,Emancipation,69,168
Paul Feig,10,1.54,153.7,37,116.7,6.55,36.2,The Housemaid,70,144
Wolfgang Petersen,7,1.53,218.8,91.3,127.5,6.61,6.9,The NeverEnding Story,71,137
Marc Forster,6,1.48,247,92.5,154.5,5.91,7.9,A Man Called Otto,72,198
Richard Donner,8,1.45,181.4,47,134.4,6.94,6.5,The Goonies,73,82
Peter Farrelly,8,1.45,180.6,34.3,146.4,6.36,6.9,Green Book,74,170
Doug Liman,8,1.43,179,71,108,6.85,8.7,Edge of Tomorrow,75,100
Jaume Collet-Serra,10,1.43,142.5,68.4,74.1,6.67,8.9,Jungle Cruise,76,125
Hayao Miyazaki,12,1.41,117.9,17.6,100.3,7.94,9.8,Spirited Away,77,2
Robert Rodriguez,15,1.39,92.9,43.6,49.3,6.26,6.5,Sin City,78,177
Ron Clements,6,1.39,231.2,68.7,162.5,7.39,10.5,Aladdin,79,17
John Musker,6,1.39,231.2,68.7,162.5,7.39,10.5,Aladdin,80,18
Scott Derrickson,7,1.37,196.2,58.4,137.8,6.88,12.7,The Gorge,81,93
Paul Greengrass,5,1.37,273.1,64,209.1,7.16,8.4,Captain Phillips,82,40
Lana Wachowski,5,1.36,271.9,136.2,135.7,6.74,11.5,The Matrix,83,113
Jay Roach,6,1.33,220.9,46.1,174.8,6.51,6.1,Bombshell,84,152
David Ayer,7,1.32,189.1,62.1,126.9,6.8,11.6,Fury,85,104
Matthew Vaughn,6,1.28,213.5,97.2,116.3,6.95,10.5,Kingsman: The Secret Service,86,78
Brett Ratner,8,1.28,159.4,60.5,99,5.81,7.3,Rush Hour,87,202
Peter Berg,6,1.27,211.6,90.7,121,6.32,6.9,Lone Survivor,88,174
Nancy Meyers,5,1.26,252.6,71,181.6,6.78,6.5,The Intern,89,108
Phil Lord,5,1.25,249.3,80.4,168.9,5.56,10.4,The Lego Movie,90,214
Christopher Miller,5,1.25,249.3,80.4,168.9,5.56,10.4,The Lego Movie,91,215
Guillermo del Toro,11,1.24,113.1,65.8,47.4,7.03,10.2,Guillermo del Toro's Pinocchio,92,59
Luc Besson,9,1.22,135.4,58.4,77.1,7.05,15.1,Léon: The Professional,93,55
Garry Marshall,7,1.21,172.3,34.4,137.8,6.64,7.6,Pretty Woman,94,129
Joel Schumacher,10,1.19,118.8,50.7,68.2,6.44,6.5,Falling Down,95,161
Baz Luhrmann,6,1.18,196.3,64.5,131.8,5.96,7.3,Moulin Rouge!,96,197
Mel Gibson,5,1.17,233.6,41.4,192.2,7.44,10.7,Hacksaw Ridge,97,12
Raja Gosnell,5,1.13,226.3,52.3,174,5.78,7.6,Scooby-Doo,98,205
John McTiernan,7,1.13,161.3,59.4,101.9,7.13,8.6,Die Hard,99,44
Ivan Reitman,6,1.13,188,31.2,156.8,6.52,7.1,Ghostbusters,100,150
George Miller,7,1.13,161.1,62.9,98.2,6.87,10,Mad Max: Fury Road,101,95
Tom Shadyac,6,1.12,186.9,62.5,124.4,6.56,6.8,I Am,102,141
Edward Zwick,6,1.08,180.1,63,117.1,7.18,7.5,The Last Samurai,103,39
Will Gluck,6,1.08,180.1,38,142.1,6.7,8.7,Peter Rabbit 2: The Runaway,104,120
Wolfgang Reitherman,6,1.06,177.2,3.7,173.5,7.04,6.9,The Aristocats,105,57
Sylvester Stallone,6,1.05,175.7,34.8,140.9,6.85,6.9,Rocky II,106,101
Jonathan Liebesman,5,1.05,209.9,72.2,137.7,5.89,7,The Texas Chainsaw Massacre: The Beginning,107,200
Chad Stahelski,5,1.03,205.4,43,162.4,5.99,12.4,John Wick: Chapter 4,108,196
Joe Johnston,5,1.02,203.2,105.6,97.6,6.44,6.7,Captain America: The First Avenger,109,160
David F. Sandberg,5,1.01,202.4,45,157.4,6.54,8.1,Shazam!,110,146
Paul Verhoeven,8,1,125.3,49.5,75.7,6.64,7.7,RoboCop,111,132
Hamilton Luske,8,0.99,123.5,2.8,120.7,7.15,8.4,Fantasia,112,42
Tim Story,5,0.97,193.6,69,124.6,6,6,Tom & Jerry,113,195
Renny Harlin,11,0.97,87.9,33.7,54.2,6.08,8.2,Die Hard 2,114,189
Tim Johnson,5,0.96,193,67,126,6.92,6.7,How to Train Your Dragon: Homecoming,115,86
Rawson Marshall Thurber,5,0.96,192.1,78.4,113.7,6.53,6.8,We're the Millers,116,149
Danny Boyle,8,0.95,118.7,26.4,92.4,7.11,8.7,Trainspotting,117,48
Michael Apted,7,0.9,128.8,53.3,75.5,6.18,6.1,Nell,118,180
Joel Coen,10,0.89,89.3,18.7,70.6,7.22,6.9,No Country for Old Men,119,32
John Glen,5,0.88,176.5,31.5,145,6.41,6.7,For Your Eyes Only,120,163
Robert Schwentke,6,0.88,145.9,89.2,56.7,6.4,6.7,The Time Traveler's Wife,121,166
Wilfred Jackson,9,0.87,96.8,2.3,94.5,7.06,8.8,Fantasia,122,54
Bobby Farrelly,6,0.85,142.2,38.2,104,6.36,5.2,Champions,123,169
Oliver Stone,8,0.85,105.9,55.5,50.4,6.91,5.6,Platoon,124,87
McG,8,0.85,105.7,48.1,57.6,6.11,5.7,Family Switch,125,185
John Landis,7,0.84,120.6,22.4,98.2,6.76,5.6,The Blues Brothers,126,110
David Zucker,5,0.83,165.4,24.7,140.7,6.57,7.1,Airplane!,127,140
Francis Ford Coppola,10,0.83,82.6,29.8,52.9,7.04,11.6,The Godfather,128,56
Darren Aronofsky,5,0.82,164.9,42.2,122.7,7,9,The Whale,129,66
Alejandro González Iñárritu,5,0.82,163.5,36,127.5,7.42,8.6,Amores Perros,130,13
Peter Segal,7,0.81,115.1,47.6,67.5,6.54,6.9,My Spy,131,145
Paul W. S. Anderson,10,0.8,80.2,51.6,28.6,6.09,5.8,Resident Evil,132,186
Clyde Geronimi,7,0.8,114.2,3.4,110.8,6.94,9.1,One Hundred and One Dalmatians,133,84
Adam McKay,7,0.77,110.4,57.7,52.7,6.74,7.2,The Big Short,134,116
Barry Levinson,7,0.76,108.2,24.9,83.4,6.7,5.5,Rain Man,135,118
David Gordon Green,6,0.74,122.6,20,102.6,6.26,5.7,Pineapple Express,136,178
Sean Anders,6,0.73,121.4,49.7,71.8,6.41,7.3,Instant Family,137,164
Brian De Palma,8,0.72,90.5,26.5,64,7.13,8.1,Scarface,138,45
Neill Blomkamp,7,0.72,103.3,36.3,67,6.79,7.9,Gran Turismo,139,106
Michael Mann,5,0.72,143,67,76,6.95,8.4,Heat,140,77
Ethan Coen,8,0.7,87.4,20.1,67.3,6.68,6.7,No Country for Old Men,141,121
David O. Russell,6,0.67,111.4,35.7,75.7,6.34,6.8,The Fighter,142,172
Anne Fletcher,5,0.64,128.7,29.4,99.3,6.67,6.8,Hocus Pocus 2,143,124
Jason Reitman,6,0.64,105.9,27.8,78.2,6.91,6.7,Ghostbusters: Afterlife,144,90
Tim Hill,5,0.62,123.2,45,78.2,6.3,7.1,The SpongeBob Movie: Sponge on the Run,145,176
Lasse Hallström,9,0.6,66.6,26.4,40.1,6.85,5.6,Hachi: A Dog's Tale,146,99
Simon West,6,0.6,99.5,44.2,55.3,6.08,8.1,Con Air,147,188
Bong Joon Ho,7,0.59,84.8,33.2,51.6,7.36,10,Parasite,148,22
Wes Anderson,11,0.59,53.7,24.2,29.5,7.28,7.5,The Grand Budapest Hotel,149,29
Edgar Wright,7,0.54,76.6,42.6,34.1,7.28,11.5,Hot Fuzz,150,30
Wes Craven,6,0.52,86.6,14.6,71.9,6.74,9.2,Scream,151,112
Paul Thomas Anderson,8,0.5,62.4,47.4,15,7.34,11.2,There Will Be Blood,152,23
Darren Lynn Bousman,6,0.5,83,7.3,75.6,5.67,18.2,Saw II,153,209
Daniel Espinosa,5,0.49,97.8,53.6,44.2,6.04,6.6,Safe House,154,192
John G. Avildsen,5,0.46,92.6,14.2,78.4,6.86,7.5,Rocky,155,97
Stanley Kubrick,9,0.46,51.4,17.2,34.2,7.89,11.1,A Clockwork Orange,156,3
Malcolm D. Lee,5,0.46,91.5,48.6,42.9,6.06,6.5,Girls Trip,157,191
Dean Parisot,5,0.45,89.4,50.8,38.6,6.09,5.1,Galaxy Quest,158,187
Roger Michell,5,0.43,86.2,16.7,69.5,6.64,5.6,Notting Hill,159,131
Brian Helgeland,6,0.43,71.5,42.5,29,6.76,5.7,42,160,111
Ben Sharpsteen,5,0.43,85.4,1.4,84,7.01,8.2,Fantasia,161,64
Adrian Lyne,5,0.41,82.6,44.8,37.8,6.68,9.5,Jacob's Ladder,162,122
Matt Bettinelli-Olpin,6,0.41,68.1,15.2,52.9,5.55,9.3,Ready or Not,163,216
Tyler Gillett,6,0.41,68.1,15.2,52.9,5.55,9.3,Ready or Not,164,217
Chuck Russell,5,0.41,81.6,43.6,38,5.75,5.2,Eraser,165,206
Baltasar Kormákur,5,0.39,78.6,23.2,55.4,6.63,5,Touch,166,136
Roger Donaldson,5,0.39,77.8,37.2,40.6,6.53,4.9,McLaren,167,148
Craig Gillespie,6,0.38,63.8,48.8,15,5.57,7.8,Cruella,168,212
Woody Allen,8,0.38,47.4,10.9,36.5,7,5.1,Midnight in Paris,169,65
Spike Lee,9,0.37,40.6,19.6,21.1,6.63,5.9,Malcolm X,170,134
Kevin Greutert,5,0.35,70.9,8.4,62.5,6.03,6,Saw X,171,193
Joe Dante,7,0.35,50.5,22.3,28.2,6.17,5.7,Gremlins,172,182
Joe Carnahan,8,0.34,41.9,48.4,-6.4,6.6,17.1,The Rip,173,138
Taylor Hackford,5,0.33,65.7,33.4,32.3,6.97,6.6,Bound by Honor,174,73
Alejandro Amenábar,6,0.31,52.3,21.8,30.5,6.98,6.3,The Others,175,69
Tommy Wirkola,5,0.31,61.1,14.8,46.4,6.5,5.7,Violent Night,176,153
Kenny Ortega,6,0.3,50.8,9.7,41.1,7.04,5.5,Descendants 3,177,58
John Madden,5,0.3,60.3,7.6,52.7,4.01,4.8,Miss Sloane,178,232
Yorgos Lanthimos,8,0.3,37.2,15.3,21.9,7.08,8.9,Poor Things,179,50
Mike Nichols,6,0.3,49.5,11.9,37.6,6.67,5,The Graduate,180,123
Kathryn Bigelow,5,0.29,57.8,22.6,35.2,7.02,5.8,The Hurt Locker,181,62
Roar Uthaug,5,0.29,57.5,22.2,35.3,6.48,9.2,The Wave,182,157
Harold Ramis,5,0.28,56.8,25.7,31,6.64,6.1,Groundhog Day,183,130
Rob Reiner,8,0.26,32.1,17.1,15.1,7.18,7.6,Flipped,184,38
Robert Altman,8,0.25,31.6,8.8,22.9,6.46,5.7,Nashville,185,159
Eli Roth,6,0.25,41.9,35.3,6.6,4.98,7.5,Thanksgiving,186,225
Christopher Landon,5,0.25,49.8,9,40.8,6.49,7,Happy Death Day,187,155
Ric Roman Waugh,5,0.25,49.3,42.8,6.5,6.97,96.9,Shelter,188,74
Roman Polanski,5,0.24,48.7,24.4,24.3,7.38,6.9,The Pianist,189,19
Sofia Coppola,5,0.24,48.1,17,31.1,6.66,5,Lost in Translation,190,126
Terry Gilliam,6,0.24,39.7,11.4,28.3,7.15,6.3,Monty Python and the Holy Grail,191,41
John Carpenter,7,0.23,32.5,15.7,16.8,7.13,7.5,The Thing,192,46
James Watkins,5,0.22,44.8,24,20.9,5.28,5.4,Speak No Evil,193,222
Brian Taylor,5,0.21,42,29.4,12.6,5.47,5.6,Crank: High Voltage,194,218
George Tillman Jr.,5,0.21,41.4,29,12.4,7.42,5,The Hate U Give,195,14
Richard Linklater,9,0.2,22.5,6.4,16.1,7.07,6.4,Before Sunrise,196,51
Akiva Schaffer,5,0.19,39,45,-6,6.4,8.7,Chip 'n Dale: Rescue Rangers,197,167
William Wyler,5,0.18,35.2,3.3,31.9,5.82,5.9,Ben-Hur,198,201
Johannes Roberts,6,0.18,29.3,10.7,18.7,5.3,45.7,Primate,199,221
Luca Guadagnino,8,0.18,21.9,21,0.9,5.15,7.2,Call Me by Your Name,200,224
Tobe Hooper,6,0.17,27.7,6,21.7,5.71,5.7,The Texas Chain Saw Massacre,201,207
Walter Hill,5,0.15,30.3,14,16.3,6.51,7.7,The Warriors,202,151
David Cronenberg,6,0.14,24.1,19.6,4.5,6.94,5.8,The Fly,203,80
Alfred Hitchcock,12,0.14,11.8,1.7,10.1,7.2,6.6,Psycho,204,35
Richard Attenborough,5,0.14,27.6,25.6,2,6.78,5.2,Gandhi,205,107
Mamoru Hosoda,5,0.13,26.2,0,26.2,7.07,6,Wolf Children,206,52
Kevin Smith,6,0.12,19.4,12.8,6.5,6.17,5.5,Clerks,207,183
David Lynch,8,0.12,14.5,12.6,1.9,7.36,7.4,The Elephant Man,208,21
Park Chan-wook,5,0.11,21.9,7.3,14.6,7.83,12.9,Oldboy,209,6
Sidney Lumet,5,0.11,21.2,6,15.2,7.22,7.1,12 Angry Men,210,33
Don Siegel,5,0.1,19.1,5.2,13.9,6.74,5,Escape from Alcatraz,211,114
Sergio Leone,5,0.08,15.9,7.4,8.5,8.2,9.6,"The Good, the Bad and the Ugly",212,1
Billy Wilder,6,0.07,12.3,3.3,9.1,7.83,5.9,Sunset Boulevard,213,5
John Frankenheimer,5,0.07,14.5,11.5,3,4.15,5.4,Seconds,214,231
Shigeyasu Yamauchi,5,0.07,13.4,0,13.4,5.65,5.7,Dragon Ball Z: Fusion Reborn,215,210
Todd Haynes,5,0.06,12.5,14.4,-1.9,6.8,4.6,Dark Waters,216,103
Lars von Trier,5,0.03,6.9,9,-2,6.9,6,Melancholia,217,91
Takashi Miike,5,0.02,4.8,0,4.8,6.56,5.6,Sham,218,142
Tinto Brass,6,0.02,3.9,3.7,0.2,5.57,8,The Key,219,213
Andrew V. McLaglen,5,0.02,4.5,4.1,0.4,6.32,5.2,Chisum,220,175
Federico Fellini,5,0.02,3.9,0,3.9,7.2,4.8,La Dolce Vita,221,36
Charlie Chaplin,5,0.01,2.8,0.9,1.9,7.4,4.8,The Great Dictator,222,15
Albert Pyun,5,0.01,2.4,0.2,2.2,4.88,5.1,Cyborg,223,226
Brad Anderson,6,0.01,1.9,0.8,1.1,6.74,10.1,The Machinist,224,115
Henrik Martin Dahlsbakken,5,0,0.8,2.9,-2.1,4.41,4.5,The Arctic Convoy,225,230
Steven R. Monroe,5,0,0.3,0.5,-0.2,5.16,5.1,Complacent,226,223
Ingmar Bergman,9,0,0,0,0,7.29,4.9,The Seventh Seal,227,27
Kimo Stamboel,5,0,0,0,0,6.19,5.4,Jailangkung: Sandekala,228,179
Roman Perez Jr.,6,0,0,0,0,4.8,9.9,Boy Kaldag,229,227
Bobby Bonifacio,5,0,0,0,0,4.79,8.3,Kiskisan,230,228
Allan Dwan,5,0,0,0,0,4.72,5.3,Driftwood,231,229
Rodante Pajemna Jr.,5,0,0,0,0,3.54,6.6,Arouse,232,233
Ann Hui,5,0,0,0,0,0,4.9,ICAC: Black and White,233,234
Seymour Kneitel,5,0,0,0,0,6.87,4.1,Madhattan Island,234,96
Taisen Kamakura,7,0,0,0,0,0,4.2,Makoto Kitano: Don’t You Guys Go - Something Is Coming! Mystery of the Underworld & Otherworld SP,235,235